"nsnps","PP.H0.abf","PP.H1.abf","PP.H2.abf","PP.H3.abf","PP.H4.abf"
165,0,0.0584529298568207,0,0.939209083729423,0.00233798641362715
